{
  "id": "",
  "name": "",
  "font_family": "iconfont",
  "css_prefix_text": "icon-",
  "description": "",
  "glyphs": [
    {
      "icon_id": "1140518",
      "name": "验证",
      "font_class": "yanzheng",
      "unicode": "e626",
      "unicode_decimal": 58918
    },
    {
      "icon_id": "1196941",
      "name": "menu",
      "font_class": "menu",
      "unicode": "e647",
      "unicode_decimal": 58951
    },
    {
      "icon_id": "1711967",
      "name": "back",
      "font_class": "---",
      "unicode": "e684",
      "unicode_decimal": 59012
    },
    {
      "icon_id": "2322795",
      "name": "头像",
      "font_class": "logout-user",
      "unicode": "e643",
      "unicode_decimal": 58947
    },
    {
      "icon_id": "2379115",
      "name": "详情头像",
      "font_class": "tubiaozhizuomoban",
      "unicode": "e641",
      "unicode_decimal": 58945
    },
    {
      "icon_id": "4226054",
      "name": "验证失败",
      "font_class": "yanzhengshibai",
      "unicode": "e658",
      "unicode_decimal": 58968
    },
    {
      "icon_id": "4489837",
      "name": "心得",
      "font_class": "xinde",
      "unicode": "e633",
      "unicode_decimal": 58931
    },
    {
      "icon_id": "6488449",
      "name": "下拉菜单 ",
      "font_class": "36",
      "unicode": "e503",
      "unicode_decimal": 58627
    },
    {
      "icon_id": "7884296",
      "name": "链接",
      "font_class": "lianjie1",
      "unicode": "e502",
      "unicode_decimal": 58626
    },
    {
      "icon_id": "8408094",
      "name": "动物",
      "font_class": "dongwu",
      "unicode": "e60e",
      "unicode_decimal": 58894
    },
    {
      "icon_id": "9232253",
      "name": "返 回",
      "font_class": "fanhui2",
      "unicode": "e501",
      "unicode_decimal": 58625
    },
    {
      "icon_id": "9249214",
      "name": "lol",
      "font_class": "lol",
      "unicode": "e625",
      "unicode_decimal": 58917
    },
    {
      "icon_id": "9940334",
      "name": "首页-选中",
      "font_class": "index-copy",
      "unicode": "e559",
      "unicode_decimal": 58713
    },
    {
      "icon_id": "10485128",
      "name": "省略",
      "font_class": "shenglve",
      "unicode": "e688",
      "unicode_decimal": 59016
    },
    {
      "icon_id": "10941622",
      "name": "头像",
      "font_class": "touxiang",
      "unicode": "e703",
      "unicode_decimal": 59139
    },
    {
      "icon_id": "11301337",
      "name": "英雄",
      "font_class": "yingxiong",
      "unicode": "e845",
      "unicode_decimal": 59461
    },
    {
      "icon_id": "12006666",
      "name": "返 回",
      "font_class": "fanhui",
      "unicode": "e617",
      "unicode_decimal": 58903
    },
    {
      "icon_id": "12553825",
      "name": "shoucang",
      "font_class": "shoucang",
      "unicode": "e683",
      "unicode_decimal": 59011
    },
    {
      "icon_id": "13216401",
      "name": "头像",
      "font_class": "touxiang1",
      "unicode": "e685",
      "unicode_decimal": 59013
    },
    {
      "icon_id": "13564576",
      "name": "VIP (1)",
      "font_class": "VIP",
      "unicode": "e669",
      "unicode_decimal": 58985
    }
  ]
}
